<?xml version="1.0" encoding="UTF-8"?>
<project-private xmlns="http://www.netbeans.org/ns/project-private/1">
    <editor-bookmarks xmlns="http://www.netbeans.org/ns/editor-bookmarks/2" lastBookmarkId="0"/>
    <open-files xmlns="http://www.netbeans.org/ns/projectui-open-files/2">
        <group>
            <file>file:/C:/Users/raaz4/OneDrive/Documents/NetBeansProjects/Apro/ANetbeans/src/Regular_Expression/RegularExpression.java</file>
            <file>file:/C:/Users/raaz4/OneDrive/Documents/NetBeansProjects/Apro/ANetbeans/src/Regular_Expression/Test1.java</file>
            <file>file:/C:/Users/raaz4/OneDrive/Documents/NetBeansProjects/Apro/ANetbeans/src/Data/Customer_Data.java</file>
            <file>file:/C:/Users/raaz4/OneDrive/Documents/NetBeansProjects/Apro/ANetbeans/src/Database/JDBC_customer.java</file>
            <file>file:/C:/Users/raaz4/OneDrive/Documents/NetBeansProjects/Apro/ANetbeans/src/Pages/Registration1.java</file>
        </group>
    </open-files>
</project-private>
