<?xml version="1.0" encoding="UTF-8"?>
<project-private xmlns="http://www.netbeans.org/ns/project-private/1">
    <editor-bookmarks xmlns="http://www.netbeans.org/ns/editor-bookmarks/2" lastBookmarkId="18">
        <file>
            <url>src/Pages/Reception3.java</url>
            <bookmark id="16">
                <name/>
                <line>727</line>
                <key/>
            </bookmark>
            <bookmark id="17">
                <name/>
                <line>1085</line>
                <key/>
            </bookmark>
        </file>
    </editor-bookmarks>
    <open-files xmlns="http://www.netbeans.org/ns/projectui-open-files/2">
        <group>
            <file>file:/C:/Users/raaz4/OneDrive/Documents/NetBeansProjects/Apro/ANetbeans/src/Pages/Reception3.java</file>
            <file>file:/C:/Users/raaz4/OneDrive/Documents/NetBeansProjects/Apro/ANetbeans/src/Database/ReceptionJDBC.java</file>
        </group>
    </open-files>
</project-private>
