<?xml version="1.0" encoding="UTF-8"?>
<project-private xmlns="http://www.netbeans.org/ns/project-private/1">
    <editor-bookmarks xmlns="http://www.netbeans.org/ns/editor-bookmarks/2" lastBookmarkId="0"/>
    <open-files xmlns="http://www.netbeans.org/ns/projectui-open-files/2">
        <group>
            <file>file:/C:/Users/raaz4/OneDrive/Documents/NetBeansProjects/Apro/ANetbeans/src/Pages/Receptionist_Login.java</file>
            <file>file:/C:/Users/raaz4/OneDrive/Documents/NetBeansProjects/Apro/ANetbeans/src/Pages/Customer.java</file>
            <file>file:/C:/Users/raaz4/OneDrive/Documents/NetBeansProjects/Apro/ANetbeans/src/Pages/Home.java</file>
            <file>file:/C:/Users/raaz4/OneDrive/Documents/NetBeansProjects/Apro/ANetbeans/src/classes/Global.java</file>
            <file>file:/C:/Users/raaz4/OneDrive/Documents/NetBeansProjects/Apro/ANetbeans/src/Pages/Reception3.java</file>
            <file>file:/C:/Users/raaz4/OneDrive/Documents/NetBeansProjects/Apro/ANetbeans/src/Pages/Login1.java</file>
            <file>file:/C:/Users/raaz4/OneDrive/Documents/NetBeansProjects/Apro/ANetbeans/src/Pages/Registration1.java</file>
        </group>
    </open-files>
</project-private>
